为	為	爲
众	眾	衆
匯	汇	滙
岁	嵗	歲
录	錄	録
缽	鉢	钵
跡	蹟	迹
針	鍼	针
隶	隷	隸
万	萬
与	與
丑	醜
专	專
业	業
丛	叢
东	東
丝	絲
两	兩
严	嚴
並	并
丰	豐
临	臨
丽	麗
举	舉
么	麼
义	義
乌	烏
乐	樂
乔	喬
习	習
乡	鄉
书	書
买	買
乱	亂
乾	干
了	瞭
争	爭
于	於
云	雲
产	產
亩	畝
亲	親
亿	億
从	從
仑	崙
仓	倉
仪	儀
优	優
会	會
伞	傘
传	傳
伤	傷
伦	倫
伪	僞
佈	布
体	體
佔	占
余	餘
佥	僉
來	来
侠	俠
侣	侶
侨	僑
俨	儼
俪	儷
倖	幸
倾	傾
傑	杰
備	备
储	儲
儿	兒
兇	凶
兌	兑
党	黨
內	内
兰	蘭
关	關
兴	興
养	養
兽	獸
冈	岡
冊	册
写	寫
军	軍
农	農
冡	冢
冯	馮
冲	沖
决	決
况	況
净	淨
准	準
凉	涼
减	減
凑	湊
几	幾
凤	鳳
凫	鳧
击	擊
凿	鑿
刍	芻
刘	劉
则	則
刚	剛
创	創
删	刪
別	别
制	製
刹	剎
剂	劑
剑	劍
剧	劇
劝	勸
办	辦
务	務
动	動
励	勵
劳	勞
势	勢
勋	勳
勝	胜
匮	匱
区	區
医	醫
升	昇
华	華
协	協
单	單
卢	盧
卧	臥
卫	衛
却	卻
卷	捲
厂	廠
厅	廳
历	歷
压	壓
厌	厭
厘	釐
厢	廂
厦	廈
厨	廚
县	縣
参	參
双	雙
发	發
变	變
叙	敘
叠	疊
台	臺
叶	葉
号	號
叹	嘆
同	衕
后	後
吒	咤
吕	呂
听	聽
启	啓
吳	吴
呓	囈
呗	唄
员	員
周	週
呪	咒
咏	詠
咨	諮
响	響
唸	念
問	问
啰	囉
啸	嘯
嘗	尝
嘱	囑
噜	嚕
回	迴
团	團
园	園
围	圍
国	國
图	圖
圆	圓
圣	聖
场	場
坏	壞
坚	堅
坛	壇
坟	墳
垒	壘
垦	墾
執	执
堕	墮
堯	尧
報	报
塗	涂
塵	尘
墙	牆
壮	壯
声	聲
壶	壺
壽	寿
处	處
复	復
夐	敻
夢	梦
头	頭
夹	夾
奁	奩
奋	奮
奥	奧
妆	妝
妇	婦
妈	媽
姜	薑
娇	嬌
娛	娱
娲	媧
婴	嬰
孙	孫
学	學
宁	寧
宝	寶
实	實
审	審
宪	憲
宫	宮
宽	寬
宾	賓
对	對
寻	尋
导	導
将	將
尔	爾
尸	屍
尽	盡
层	層
属	屬
屿	嶼
岂	豈
岘	峴
岚	嵐
岛	島
岩	巖
岭	嶺
岳	嶽
峤	嶠
峥	崢
峦	巒
峯	峰
崑	昆
巨	鉅
巩	鞏
帅	帥
师	師
帘	簾
帜	幟
带	帶
帮	幫
广	廣
庄	莊
庆	慶
床	牀
庐	廬
庑	廡
库	庫
应	應
庙	廟
庞	龐
废	廢
庵	菴
廩	廪
开	開
异	異
张	張
弥	彌
弦	絃
強	强
弹	彈
归	歸
当	當
彥	彦
彻	徹
征	徵
径	徑
徕	徠
徧	遍
忆	憶
忏	懺
志	誌
忧	憂
怀	懷
态	態
怃	憮
怜	憐
总	總
恆	恒
恋	戀
恥	耻
恶	惡
恸	慟
恼	惱
悅	悦
悫	愨
悬	懸
悶	闷
惊	驚
惨	慘
愛	爱
愠	慍
愤	憤
愿	願
慾	欲
懒	懶
戏	戲
战	戰
戶	户
扪	捫
扫	掃
扬	揚
折	摺
抚	撫
护	護
担	擔
拟	擬
拣	揀
拨	撥
择	擇
挞	撻
挥	揮
损	損
捣	搗
捨	舍
据	據
採	采
掳	擄
揽	攬
搖	摇
携	攜
摄	攝
撄	攖
撷	擷
敌	敵
敎	教
敗	败
敛	斂
数	數
斃	毙
斋	齋
斗	鬥
斩	斬
断	斷
无	無
既	旣
旧	舊
时	時
昙	曇
昼	晝
显	顯
晉	晋
晓	曉
晖	暉
曲	麴
术	術
朱	硃
朴	樸
机	機
杀	殺
杂	雜
权	權
条	條
杨	楊
极	極
枢	樞
枣	棗
枫	楓
柜	櫃
标	標
栋	棟
栎	櫟
树	樹
栖	棲
样	樣
栾	欒
桢	楨
档	檔
桥	橋
桧	檜
梼	檮
检	檢
楼	樓
概	槩
榈	櫚
榮	荣
横	橫
樱	櫻
欢	歡
欧	歐
欽	钦
残	殘
毂	轂
毕	畢
气	氣
氾	泛
汉	漢
汤	湯
沈	瀋
沒	没
沟	溝
沧	滄
沩	潙
沪	滬
注	註
泪	淚
泻	瀉
泽	澤
泾	涇
洁	潔
浅	淺
测	測
济	濟
浑	渾
浒	滸
浓	濃
浔	潯
涌	湧
涛	濤
涤	滌
润	潤
涧	澗
淵	渊
渎	瀆
渐	漸
渑	澠
渔	漁
温	溫
游	遊
湾	灣
滅	灭
滎	荥
满	滿
滥	濫
滦	灤
滨	濱
潁	颍
潛	潜
澜	瀾
濒	瀕
灯	燈
灵	靈
灶	竈
災	灾
灿	燦
炀	煬
炉	爐
炖	燉
点	點
炼	煉
炽	熾
烛	燭
烟	煙
烬	燼
热	熱
營	营
牍	牘
犊	犢
状	狀
犹	猶
独	獨
狮	獅
狱	獄
猫	貓
献	獻
獲	获
玑	璣
玛	瑪
玮	瑋
环	環
现	現
玺	璽
琐	瑣
琼	瓊
瑤	瑶
瑩	莹
璎	瓔
瓮	甕
瓯	甌
电	電
画	畫
畴	疇
疗	療
疟	瘧
疠	癘
疡	瘍
疮	瘡
疯	瘋
疴	痾
痴	癡
皱	皺
盏	盞
盐	鹽
监	監
盖	蓋
盗	盜
盘	盤
矫	矯
矶	磯
砚	硯
砺	礪
硕	碩
确	確
碍	礙
礼	禮
祕	秘
祯	禎
祷	禱
祸	禍
祿	禄
禅	禪
离	離
禿	秃
种	種
积	積
称	稱
秽	穢
稅	税
穀	谷
穎	颖
穷	窮
窃	竊
窍	竅
窑	窯
窝	窩
窥	窺
窦	竇
竖	豎
笃	篤
笋	筍
笔	筆
笺	箋
笼	籠
筑	築
筹	籌
筼	篔
签	籤
简	簡
箓	籙
箧	篋
箫	簫
節	节
範	范
篮	籃
籁	籟
类	類
粗	麤
粜	糶
粤	粵
粮	糧
系	繫
糾	纠
紀	纪
約	约
紅	红
納	纳
紓	纾
純	纯
紙	纸
紧	緊
紲	绁
紳	绅
紹	绍
紺	绀
終	终
結	结
絕	绝
絡	络
給	给
統	统
絳	绛
綃	绡
綏	绥
經	经
綜	综
綠	绿
維	维
綱	纲
網	网
綴	缀
綸	纶
綺	绮
緇	缁
緒	绪
緗	缃
線	线
緝	缉
緣	缘
編	编
緬	缅
緯	纬
練	练
縉	缙
縕	缊
縱	纵
縲	缧
縵	缦
績	绩
繒	缯
織	织
繚	缭
繞	绕
繡	绣
繩	绳
繪	绘
繹	绎
繼	继
續	续
纓	缨
纖	纤
纘	缵
罂	罌
罗	羅
罚	罰
罵	骂
羡	羨
羣	群
聂	聶
职	職
联	聯
聞	闻
聪	聰
肃	肅
肠	腸
肤	膚
胀	脹
胁	脅
胆	膽
胪	臚
脈	脉
脏	臟
脔	臠
脚	腳
脫	脱
腊	臘
腻	膩
膑	臏
舆	輿
舰	艦
艳	豔
艺	藝
芦	蘆
苇	葦
苌	萇
苍	蒼
苏	蘇
苹	蘋
荆	荊
荐	薦
荛	蕘
荟	薈
荡	蕩
荪	蓀
荫	蔭
药	藥
莅	蒞
莱	萊
莲	蓮
萝	蘿
萤	螢
萧	蕭
萨	薩
蒋	蔣
蓝	藍
蕲	蘄
蕴	蘊
薮	藪
虏	虜
虚	虛
虬	虯
虱	蝨
蚁	蟻
蚕	蠶
蛮	蠻
蛻	蜕
蜗	蝸
补	補
袭	襲
装	裝
裏	里
見	见
規	规
覓	觅
視	视
覺	觉
覽	览
觀	观
觞	觴
触	觸
訂	订
計	计
討	讨
訓	训
記	记
訛	讹
訟	讼
訣	诀
訥	讷
訪	访
設	设
許	许
訶	诃
診	诊
詁	诂
詒	诒
詔	诏
評	评
詗	诇
詛	诅
詞	词
詢	询
試	试
詩	诗
詮	诠
詰	诘
話	话
詳	详
誕	诞
誘	诱
語	语
誠	诚
誡	诫
誣	诬
誤	误
誥	诰
誦	诵
說	说
課	课
誶	谇
調	调
諂	谄
談	谈
請	请
諍	诤
諒	谅
論	论
諜	谍
諡	谥
諤	谔
諦	谛
諧	谐
諫	谏
諭	谕
諱	讳
諸	诸
諺	谚
謀	谋
謁	谒
謎	谜
謐	谧
謔	谑
謗	谤
謙	谦
講	讲
謝	谢
謠	谣
謨	谟
謫	谪
謬	谬
證	证
譏	讥
識	识
譚	谭
譜	谱
譯	译
議	议
讀	读
讎	雠
讒	谗
讓	让
讕	谰
讜	谠
讞	谳
貝	贝
貞	贞
負	负
財	财
貢	贡
貧	贫
貨	货
販	贩
貪	贪
貫	贯
貰	贳
貲	赀
貳	贰
貴	贵
費	费
賀	贺
資	资
賈	贾
賊	贼
賑	赈
賒	赊
賜	赐
賞	赏
賢	贤
賦	赋
質	质
賭	赌
賴	赖
賽	赛
贅	赘
贈	赠
贊	赞
赵	趙
跻	躋
踪	蹤
車	车
軌	轨
軒	轩
軔	轫
軸	轴
軺	轺
軼	轶
軾	轼
較	较
輅	辂
載	载
輔	辅
輕	轻
輟	辍
輦	辇
輩	辈
輪	轮
輯	辑
輸	输
轄	辖
轅	辕
轉	转
轟	轰
轡	辔
辞	辭
辟	闢
辩	辯
边	邊
辽	遼
达	達
迁	遷
过	過
运	運
还	還
进	進
远	遠
违	違
连	連
迩	邇
迳	逕
适	適
选	選
逊	遜
遗	遺
遙	遥
邓	鄧
邬	鄔
邹	鄒
邺	鄴
邻	鄰
郁	鬱
郑	鄭
郧	鄖
郸	鄲
释	釋
釣	钓
釵	钗
鈍	钝
鈐	钤
鈔	钞
鈞	钧
鈿	钿
鉛	铅
鉤	钩
鉴	鑑
鉸	铰
銀	银
銅	铜
銘	铭
銮	鑾
銷	销
鋒	锋
鋤	锄
鋪	铺
錐	锥
錢	钱
錦	锦
錫	锡
錯	错
鍛	锻
鍥	锲
鍵	键
鍾	钟
鎖	锁
鎮	镇
鏟	铲
鏡	镜
鐔	镡
鐫	镌
鐵	铁
鐸	铎
鑰	钥
長	长
門	门
閃	闪
閒	闲
間	间
閘	闸
閣	阁
閨	闺
閩	闽
閫	阃
閬	阆
閭	闾
閱	阅
閹	阉
閻	阎
闈	闱
闌	阑
闍	阇
闕	阙
闖	闯
闡	阐
闹	鬧
阳	陽
阴	陰
阵	陣
际	際
陆	陸
陇	隴
陈	陳
陕	陝
险	險
随	隨
隐	隱
隽	雋
难	難
雞	鸡
雾	霧
霁	霽
静	靜
鞑	韃
韋	韦
韓	韩
韜	韬
韵	韻
頂	顶
頃	顷
項	项
順	顺
須	须
頌	颂
預	预
頓	顿
領	领
頤	颐
頸	颈
頻	频
顆	颗
題	题
額	额
顏	颜
顓	颛
顛	颠
顧	顾
顰	颦
顱	颅
風	风
飛	飞
飨	饗
飭	饬
飯	饭
飲	饮
餌	饵
餓	饿
館	馆
饋	馈
饒	饶
馬	马
馱	驮
駁	驳
駐	驻
駒	驹
駕	驾
駝	驼
駢	骈
駱	骆
騁	骋
騎	骑
騙	骗
騷	骚
驂	骖
驅	驱
驊	骅
驗	验
驛	驿
驟	骤
驢	驴
驤	骧
鬓	鬢
魚	鱼
魯	鲁
鮑	鲍
鮓	鲊
鮚	鲒
鮮	鲜
鯖	鲭
鯤	鲲
鯨	鲸
鰲	鳌
鱗	鳞
鱠	鲙
鳥	鸟
鳩	鸠
鳴	鸣
鴇	鸨
鴉	鸦
鴛	鸳
鴦	鸯
鴨	鸭
鴻	鸿
鵑	鹃
鵝	鹅
鵡	鹉
鵪	鹌
鵬	鹏
鵲	鹊
鶉	鹑
鶚	鹗
鶡	鹖
鶴	鹤
鷓	鹧
鷗	鸥
鷺	鹭
鸚	鹦
鸞	鸾
鹺	鹾
麥	麦
黃	黄
齊	齐
齒	齿
齡	龄
齪	龊
齷	龌
龍	龙
龔	龚
龕	龛
龜	龟
